<?xml version="1.0" encoding="UTF-8" ?>
<!--MenuMapper接口实现类对应的xml映射文件，里面写MenuMapper对应的自定义的sql-->
<!DOCTYPE mapper PUBLIC "-//mybatis.org//DTD Mapper 3.0//EN" "http://mybatis.org/dtd/mybatis-3-mapper.dtd" >
<mapper namespace="com.bage.mapper.MenuMapper">
    <!--根据用户id查询权限信息-->
    <select id="selectPermsByUserId" resultType="java.lang.String">
        SELECT
            DISTINCT m.perms
        FROM
            `sys_user_role` ur
            LEFT JOIN `sys_role_menu` rm ON ur.`role_id` = rm.`role_id`
            LEFT JOIN `sys_menu` m ON m.`id` = rm.`menu_id`
        WHERE
            ur.`user_id` = #{userId} AND
            m.`menu_type` IN ('C','F') AND
            m.`status` = 0 AND
            m.`del_flag` = 0
    </select>
    <!--获取所有菜单 目录C 按钮M-->
    <select id="selectAllRouterMenu" resultType="com.bage.domain.entity.Menu">
        SELECT
            DISTINCT m.id, m.parent_id, m.menu_name, m.path, m.component, m.visible, m.status, IFNULL(m.perms,'') AS perms, m.is_frame,  m.menu_type, m.icon, m.order_num, m.create_time
        FROM
            `sys_menu` m
        WHERE
            m.`menu_type` IN ('C','M') AND
            m.`status` = 0 AND
            m.`del_flag` = 0
        ORDER BY
            m.parent_id,m.order_num

    </select>
    <!--如果不是管理员获取当前用户所具有的Menu-->
    <select id="selectRouterMenuTreeByUserId" resultType="com.bage.domain.entity.Menu">
        SELECT
            DISTINCT m.id, m.parent_id, m.menu_name, m.path, m.component, m.visible, m.status, IFNULL(m.perms,'') AS perms, m.is_frame,  m.menu_type, m.icon, m.order_num, m.create_time
        FROM
            `sys_user_role` ur
                LEFT JOIN `sys_role_menu` rm ON ur.`role_id` = rm.`role_id`
                LEFT JOIN `sys_menu` m ON m.`id` = rm.`menu_id`
        WHERE
            ur.`user_id` = #{userId} AND
            m.`menu_type` IN ('C','M') AND
            m.`status` = 0 AND
            m.`del_flag` = 0
        ORDER BY
            m.parent_id,m.order_num
    </select>
    <!--根据id查询对应角色菜单列表树-->
    <select id="selectMenuListByRoleId" resultType="java.lang.Long">
        select m.id
        from sys_menu m
                 left join sys_role_menu rm on m.id = rm.menu_id
        where rm.role_id = #{roleId}
        order by m.parent_id, m.order_num
    </select>
</mapper>
